{
  "best_overall_model": {
    "name": "Logistic Regression",
    "accuracy": 0.88308,
    "f1_score": 0.8836524300441826,
    "training_time": 1.1239545345306396
  },
  "best_traditional_ml": {
    "name": "Logistic Regression",
    "accuracy": 0.88308,
    "f1_score": 0.8836524300441826
  },
  "best_deep_learning": {
    "name": "LSTM",
    "accuracy": 0.86548,
    "f1_score": 0.857999408858675
  },
  "insights": {
    "traditional_ml_avg_accuracy": 0.8676400000000001,
    "deep_learning_avg_accuracy": 0.8497733333333333,
    "traditional_ml_avg_time": 0.7495431105295817,
    "deep_learning_avg_time": 278.00238998730975,
    "performance_difference": -0.019936559230117168,
    "time_difference": 277.25284687678015
  }
}